day,menu_type,menu
1,breakfast,Quaerat corporis neque.
1,lunch,Distinctio animi corporis adipisci velit.
1,dinner,Accusantium non tempore.
2,breakfast,Tempora beatae modi.
2,lunch,Maxime soluta repellendus corporis itaque in.
2,dinner,Similique aut sunt voluptas.
3,breakfast,Adipisci nostrum provident doloremque odio.
3,lunch,Voluptate natus quo.
3,dinner,Ut modi inventore qui ad ea.
4,breakfast,Dicta numquam qui laboriosam qui.
4,lunch,Eum placeat itaque.
4,dinner,Dolorum deleniti nulla doloremque rerum iusto.
5,breakfast,Accusamus laborum ad saepe porro pariatur.
5,lunch,Explicabo reiciendis molestias similique.
5,dinner,Libero unde provident ea maxime atque.
6,breakfast,Dolores praesentium dignissimos.
6,lunch,Possimus consequatur eum quos.
6,dinner,Neque veritatis quae occaecati.
7,breakfast,Est quidem numquam ratione.
7,lunch,Minus molestias voluptates illo sit hic.
7,dinner,Asperiores earum inventore.
8,breakfast,Minus nobis suscipit.
8,lunch,Accusantium placeat soluta.
8,dinner,Deleniti dolor aperiam modi enim sint.
9,breakfast,Minima temporibus fugiat architecto consectetur.
9,lunch,Fuga ea ad quo natus voluptates.
9,dinner,Recusandae perferendis dolores.
10,breakfast,Dolorem vero dicta repellat.
10,lunch,A fugiat illum ex architecto autem.
10,dinner,Repudiandae quam culpa perferendis.
11,breakfast,Quos eaque voluptate fuga.
11,lunch,Repellat dolores modi sint.
11,dinner,Rem vitae alias.
12,breakfast,Error facere minus.
12,lunch,Eum dolor at.
12,dinner,Quam explicabo minima sit magni nulla.
13,breakfast,Quisquam saepe voluptatibus commodi.
13,lunch,Reiciendis delectus maxime voluptate quae eum.
13,dinner,Expedita sunt velit perferendis dicta.
14,breakfast,Modi doloribus sunt.
14,lunch,Dolor itaque aliquid.
14,dinner,Voluptatem repellendus veritatis sunt quibusdam.
15,breakfast,Fugit nesciunt expedita quam facilis voluptate.
15,lunch,Illum sunt debitis.
15,dinner,Reiciendis quod modi natus reprehenderit delectus.
16,breakfast,Fugiat nisi blanditiis nihil ut.
16,lunch,Et quidem distinctio.
16,dinner,Ipsa similique facere.
17,breakfast,Fugit praesentium possimus ratione molestias reiciendis.
17,lunch,Fuga assumenda rem sapiente id et.
17,dinner,Accusamus repellendus nulla aut quasi repellendus.
18,breakfast,Illum nemo accusamus.
18,lunch,Eaque minus quam nam aut id.
18,dinner,Beatae quia voluptas autem quasi esse.
19,breakfast,Maiores ex nemo soluta libero placeat.
19,lunch,Deleniti ducimus repudiandae.
19,dinner,Nemo eius dolore accusamus veritatis.
20,breakfast,Cumque iure quaerat alias cumque voluptatem.
20,lunch,A quod provident cum illum suscipit.
20,dinner,Reprehenderit minus dolorum.
21,breakfast,Iste quod quaerat ut.
21,lunch,Possimus reiciendis qui quos.
21,dinner,Tempore voluptatum saepe.
22,breakfast,Vel velit modi voluptate beatae.
22,lunch,Omnis provident nesciunt accusamus voluptatum.
22,dinner,Voluptates ipsum architecto dicta fuga.
23,breakfast,Recusandae fugiat laborum.
23,lunch,Dolorum temporibus eveniet facilis exercitationem veniam.
23,dinner,Quia dicta quod laboriosam facilis inventore.
24,breakfast,Velit ullam eaque esse earum magnam.
24,lunch,Sequi natus suscipit repellat sunt.
24,dinner,Et quam ea.
25,breakfast,Amet delectus molestias blanditiis quo.
25,lunch,Ab voluptate omnis similique.
25,dinner,Iste facere nostrum quasi nemo.
26,breakfast,Maiores dignissimos repellendus veritatis incidunt eum.
26,lunch,Voluptates aliquam consequuntur.
26,dinner,In ab esse.
27,breakfast,Labore est similique.
27,lunch,Suscipit reprehenderit maxime.
27,dinner,Necessitatibus reprehenderit provident.
28,breakfast,Hic commodi cupiditate.
28,lunch,Nostrum autem reprehenderit ex architecto.
28,dinner,Iusto ullam error optio.
29,breakfast,Illo eligendi libero eligendi sit.
29,lunch,At adipisci quos.
29,dinner,Iure aut facere qui.
30,breakfast,Maiores nobis quaerat perspiciatis illum.
30,lunch,Recusandae impedit ut mollitia repellat veniam.
30,dinner,Quaerat optio quas ea atque aspernatur.
