personnel_id,name,surname,department_no,worker_type,password
1,Vafir,Akar,0,general manager,7
11000,Fehim,Kısakürek,1,department manager,22005
12001,Muhip,Şafak,1,worker,24007
12002,Yosma,Manço,1,worker,24009
12003,Salami,Soylu,1,worker,24011
12004,Sabih,Ergül,1,worker,24013
12005,Türkalp,Gülen,1,worker,24015
12006,Azade,Akgündüz,1,worker,24017
12007,Yekbun,Soylu,1,worker,24019
12008,Gülel,Arslan,1,worker,24021
12009,Alaz,Tarhan,1,worker,24023
12010,İzel,Yılmaz,1,worker,24025
12011,Cedide,Akçay,1,worker,24027
12012,Sejda,Erdoğan,1,worker,24029
12000,Tanak,Bilir,1,worker,24005
12001,Besin,İhsanoğlu,1,worker,24007
12002,Yaşattin,Öcalan,1,worker,24009
12003,İyiyürek,Güçlü,1,worker,24011
12004,Alaeddin,İnönü,1,worker,24013
12005,Abid,Zengin,1,worker,24015
12006,Ayşenur,Sakarya,1,worker,24017
12007,Ufukay,Ergül,1,worker,24019
12008,Balatekin,Yılmaz,1,worker,24021
12009,Arıel,Arsoy,1,worker,24023
12010,Fatigül,Sakarya,1,worker,24025
12011,Asliye,Şafak,1,worker,24027
12012,Turabi,Erdoğan,1,worker,24029
21000,Şemsinisa,Yüksel,2,department manager,42005
22001,Refet,Hançer,2,worker,44007
22002,Kaver,Gül,2,worker,44009
22003,Birgül,Şensoy,2,worker,44011
22004,Akçabay,Yorulmaz,2,worker,44013
22005,Tevs,Şener,2,worker,44015
22006,Tüzenur,Durmuş,2,worker,44017
22007,İmren,Sezer,2,worker,44019
22008,Şamiha,Bilge,2,worker,44021
22009,Neptün,Soylu,2,worker,44023
22010,Sayın,Şafak,2,worker,44025
22011,Hatin,Öcalan,2,worker,44027
22012,Ertün,Demir,2,worker,44029
22000,Mahigül,Fırat,2,worker,44005
22001,Ferahdiba,Sezer,2,worker,44007
22002,Türkalp,İhsanoğlu,2,worker,44009
22003,Koşukhan,Ergül,2,worker,44011
22004,İlteriş,Durmuş,2,worker,44013
22005,Uygun,Sezgin,2,worker,44015
22006,Tunahan,Akgündüz,2,worker,44017
22007,Güverçin,Akçay,2,worker,44019
22008,Atalay,Çamurcuoğlu,2,worker,44021
22009,Mükrüme,Akar,2,worker,44023
22010,Soykut,Hayrioğlu,2,worker,44025
22011,Münif,Hançer,2,worker,44027
22012,Ahsen,Çetin,2,worker,44029
31000,Muvahhide,Soylu,3,department manager,62005
32001,Batırhan,Yaman,3,worker,64007
32002,Beyhatun,Bilge,3,worker,64009
32003,Müfit,Bilgin,3,worker,64011
32004,Duha,Akdeniz,3,worker,64013
32005,Türknur,Seven,3,worker,64015
32006,Şüküfe,Demirel,3,worker,64017
32007,Gürarda,Durmuş,3,worker,64019
32008,Anargül,Bilgin,3,worker,64021
32009,Yavuz,İnönü,3,worker,64023
32010,Tekecan,Şama,3,worker,64025
32011,Ayşenur,Dumanlı,3,worker,64027
32012,İşcan,Güçlü,3,worker,64029
32000,Kardelen,Arslan,3,worker,64005
32001,Sebigül,Akdeniz,3,worker,64007
32002,Acarkan,Gülen,3,worker,64009
32003,Tutkucan,Tarhan,3,worker,64011
32004,Menişan,Şafak,3,worker,64013
32005,Cercis,Çamurcuoğlu,3,worker,64015
32006,Erdemer,Alemdar,3,worker,64017
32007,Merim,Ülker,3,worker,64019
32008,Hümeyra,Tarhan,3,worker,64021
32009,Kâzime,Akçay,3,worker,64023
32010,Gülşahin,Türk,3,worker,64025
32011,Sevginur,Karadeniz,3,worker,64027
32012,Borahan,Aksu,3,worker,64029
41000,Almus,Yılmaz,4,department manager,82005
42001,Sadiye,Soylu,4,worker,84007
42002,Harbinaz,Gülen,4,worker,84009
42003,Nasuf,Hançer,4,worker,84011
42004,Hasgül,Şama,4,worker,84013
42005,Aybet,Arslan,4,worker,84015
42006,Geray,Demir,4,worker,84017
42007,İbrahim,Seven,4,worker,84019
42008,Birgül,Sezgin,4,worker,84021
42009,Tagangül,Şafak,4,worker,84023
42010,Çapkan,Arslan,4,worker,84025
42011,Ferihan,Akçay,4,worker,84027
42012,Yayak,Manço,4,worker,84029
42000,Hasret,Hayrioğlu,4,worker,84005
42001,Mestur,Tarhan,4,worker,84007
42002,Gülkadın,Demir,4,worker,84009
42003,Nurveren,Sezer,4,worker,84011
42004,Selmin,Bilgin,4,worker,84013
42005,Şemsettin,Akgündüz,4,worker,84015
42006,Sabihe,Tevetoğlu,4,worker,84017
42007,Belkize,Akça,4,worker,84019
42008,Hafıza,Yüksel,4,worker,84021
42009,Gülder,Yüksel,4,worker,84023
42010,Gözel,Soylu,4,worker,84025
42011,Otay,Gülen,4,worker,84027
42012,Muhiye,Akdeniz,4,worker,84029
51000,Özkent,Akdeniz,5,department manager,102005
52001,İlkbahar,Şafak,5,worker,104007
52002,Özdal,İnönü,5,worker,104009
52003,Aydar,Ertaş,5,worker,104011
52004,Aran,Çamurcuoğlu,5,worker,104013
52005,Karanbay,İnönü,5,worker,104015
52006,Kavurt,Kısakürek,5,worker,104017
52007,Fahrullah,Demir,5,worker,104019
52008,Yaltırak,Demir,5,worker,104021
52009,Buşra,Yılmaz,5,worker,104023
52010,Hüsmen,Çetin,5,worker,104025
52011,Alexandru,Yüksel,5,worker,104027
52012,Çakar,Arslan,5,worker,104029
52000,Cevale,Kısakürek,5,worker,104005
52001,Çağveren,Akça,5,worker,104007
52002,Özpetek,Yılmaz,5,worker,104009
52003,Bahtinur,Korutürk,5,worker,104011
52004,Zilfa,Arslan,5,worker,104013
52005,Züheyla,Karadeniz,5,worker,104015
52006,Uluman,Türk,5,worker,104017
52007,Ferat,Erdoğan,5,worker,104019
52008,Özertem,Gülen,5,worker,104021
52009,Alaaddin,Yılmaz,5,worker,104023
52010,Akver,Akçay,5,worker,104025
52011,Ruhide,Akdeniz,5,worker,104027
52012,Kutay,Güçlü,5,worker,104029
61000,Pürçek,İnönü,6,department manager,122005
62001,Ufukay,Arsoy,6,worker,124007
62002,Veis,Eraslan,6,worker,124009
62003,Mansurali,Akçay,6,worker,124011
62004,Şinasi,Zorlu,6,worker,124013
62005,Cannur,Aksu,6,worker,124015
62006,Erinçer,Hançer,6,worker,124017
62007,Baturay,Yüksel,6,worker,124019
62008,Şefi,Şafak,6,worker,124021
62009,Asiman,Aslan,6,worker,124023
62010,Fatih,Türk,6,worker,124025
62011,İlsu,Hançer,6,worker,124027
62012,Melikkan,Bilgin,6,worker,124029
62000,Barak,Erdoğan,6,worker,124005
62001,Feden,Yaman,6,worker,124007
62002,Çavuldur,Yılmaz,6,worker,124009
62003,Hafıza,Demir,6,worker,124011
62004,Gülözge,Yılmaz,6,worker,124013
62005,Heyvetullah,Durdu,6,worker,124015
62006,Yosma,Arslan,6,worker,124017
62007,Maynur,Tarhan,6,worker,124019
62008,Ergün,Öcalan,6,worker,124021
62009,Cevale,Tarhan,6,worker,124023
62010,Beray,Yorulmaz,6,worker,124025
62011,Maksur,Korutürk,6,worker,124027
62012,Pekkan,Alemdar,6,worker,124029
71000,Tali,Ertaş,7,department manager,142005
72001,Kuddusi,Akdeniz,7,worker,144007
72002,Dirlik,Zengin,7,worker,144009
72003,Asım,Eraslan,7,worker,144011
72004,Saydam,Seven,7,worker,144013
72005,Kanpulat,Dumanlı,7,worker,144015
72006,Tümer,Yüksel,7,worker,144017
72007,Rüknettin,Sezgin,7,worker,144019
72008,Fildan,Bilir,7,worker,144021
72009,Vafir,Alemdar,7,worker,144023
72010,Abdürreşit,Tevetoğlu,7,worker,144025
72011,Dilder,Duran,7,worker,144027
72012,Çamok,Güçlü,7,worker,144029
72000,Oktüremiş,Karadeniz,7,worker,144005
72001,Musafet,Şama,7,worker,144007
72002,Kamar,Bilgin,7,worker,144009
72003,Atanur,Mansız,7,worker,144011
72004,Borataş,Bilir,7,worker,144013
72005,İlkim,Akça,7,worker,144015
72006,Basriye,Erdoğan,7,worker,144017
72007,Biltaş,Ülker,7,worker,144019
72008,Aylil,Bilge,7,worker,144021
72009,Özpınar,Zorlu,7,worker,144023
72010,Çopur,Ergül,7,worker,144025
72011,Demirbüken,Sakarya,7,worker,144027
72012,Zöhrehan,Arslan,7,worker,144029
